<?xml version="1.0" encoding="UTF-8"?>
<beans xmlns="http://www.springframework.org/schema/beans"
	xmlns:xsi="http://www.w3.org/2001/XMLSchema-instance"
	xmlns:context="http://www.springframework.org/schema/context"
	xsi:schemaLocation="http://www.springframework.org/schema/beans
        https://www.springframework.org/schema/beans/spring-beans.xsd
        http://www.springframework.org/schema/context
        https://www.springframework.org/schema/context/spring-context.xsd
        http://www.springframework.org/schema/aop
        http://www.springframework.org/schema/aop/spring-aop.xsd">

	<bean id="customerService" class="exercise1.CustomerService">
		<property name="customerDAO" ref="customerDAO" />
	</bean>
	<bean id="customerDAO" class="exercise1.CustomerDAO">
		<property name="emailSender" ref="emailSender" />
		<property name="logger" ref="logger" />
	</bean>
	<bean id="emailSender" class="exercise1.EmailSender" />
	<bean id="logger" class="exercise1.Logger" />

</beans>
